;ENGLISH;POLISH;RUSSIAN;FRENCH;GERMAN;SPANISH;BRASILIAN;CHINESE_SP;JAPANESE;KOREAN
campaigns/survival/lilly_all_tile_many_resources.campaign;All tile & Many resources;All tile & Many resources;All tile & Many resources;All tile & Many resources;All tile & Many resources;All tile & Many resources;All tile & Many resources;All tile & Many resources;All tile & Many resources;All tile & Many resources
campaigns/survival/lilly_all_tile_double_resources.campaign;All tile double;All tile double;All tile double;All tile double;All tile double;All tile double;All tile double;All tile double;All tile double;All tile double
campaigns/survival/lilly_all_tile.campaign;All tile;All tile;All tile;All tile;All tile;All tile;All tile;All tile;All tile;All tile
campaigns/custom/lilly_test0.campaign;Test Map;Test Map;Test Map;Test Map;Test Map;Test Map;Test Map;Test Map;Test Map;Test Map
campaigns/custom/lilly_all_tile_many_resources_test.campaign;Test Map Many;Test Map Many;Test Map Many;Test Map Many;Test Map Many;Test Map Many;Test Map Many;Test Map Many;Test Map Many;Test Map Many
